{
  "feature_stats": {
    "range_mean": {
      "mean": 691.4172425731527,
      "std": 145.2384580643787
    },
    "range_std": {
      "mean": 16.496343926903396,
      "std": 8.392014256991274
    },
    "range_var": {
      "mean": 342.55169476984787,
      "std": 276.5536117395394
    },
    "range_max_jump": {
      "mean": 6.864278056696587,
      "std": 1.772568202375578
    },
    "range_trend_slope": {
      "mean": 2.775121723828804,
      "std": 1.5883245808428075
    },
    "bearing_mean": {
      "mean": 36.34729189360515,
      "std": 34.54768476528057
    },
    "bearing_std": {
      "mean": 4.461634106096061,
      "std": 7.146618888578869
    },
    "bearing_var": {
      "mean": 70.97775033630445,
      "std": 376.24712760863696
    },
    "bearing_max_jump": {
      "mean": 3.0245635174197476,
      "std": 5.193371481882285
    },
    "bearing_trend_slope": {
      "mean": -0.34618614385499813,
      "std": 1.346029819083177
    },
    "power_mean": {
      "mean": 18.82021455702622,
      "std": 3.5239776636326776
    },
    "power_std": {
      "mean": 0.7153061211234647,
      "std": 0.13799673291906644
    },
    "power_var": {
      "mean": 0.5307049794897054,
      "std": 0.20277839553422566
    },
    "power_max_jump": {
      "mean": 1.8001730817992798,
      "std": 0.4235587470297423
    },
    "power_trend_slope": {
      "mean": -0.0664097921282748,
      "std": 0.041476831115795434
    },
    "frequency_mean": {
      "mean": 999.7786983974847,
      "std": 0.14454068233809986
    },
    "frequency_std": {
      "mean": 0.291283534301004,
      "std": 0.047798235283625326
    },
    "frequency_var": {
      "mean": 0.0871306527896952,
      "std": 0.028358778358551304
    },
    "frequency_max_jump": {
      "mean": 0.8924019473604151,
      "std": 0.21762498722031928
    },
    "frequency_trend_slope": {
      "mean": -0.0033787684638549157,
      "std": 0.011949989922021578
    },
    "relative_velocity_mean": {
      "mean": 2.7492572721740456,
      "std": 1.5964992515957324
    },
    "relative_velocity_std": {
      "mean": 0.48207074967849317,
      "std": 0.10706861222159679
    },
    "relative_velocity_var": {
      "mean": 0.24385531406625588,
      "std": 0.11457778169234106
    },
    "relative_velocity_max_jump": {
      "mean": 1.2129977686495257,
      "std": 0.297566563847423
    },
    "relative_velocity_trend_slope": {
      "mean": 0.04359801515808377,
      "std": 0.03020073039908555
    }
  },
  "score_range": {
    "p1": -0.07058619538393429,
    "p99": 0.12850174321803023
  }
}